
----------------------------------------------------- INSERT DE LUGAR ---------------------------------------------------------------------------
INSERT INTO LUGAR (id_lugar,tipo_lugar,nombre_lugar,FK_LUGAR) values (145263,'Pais','Venezuela',NULL);
INSERT INTO LUGAR (id_lugar,tipo_lugar,nombre_lugar,FK_LUGAR) values (145264,'Estado','Vargas',145263);
INSERT INTO LUGAR (id_lugar,tipo_lugar,nombre_lugar,FK_LUGAR) values (145274,'Estado','Aragua',145263);
INSERT INTO LUGAR (id_lugar,tipo_lugar,nombre_lugar,FK_LUGAR) values (145275,'Ciudad','Maracay',145274);
INSERT INTO LUGAR (id_lugar,tipo_lugar,nombre_lugar,FK_LUGAR) values (145265,'Ciudad','La Guaira',145264);
INSERT INTO LUGAR (id_lugar,tipo_lugar,nombre_lugar,FK_LUGAR) values (142264,'Estado','Distrito Capital',145263);
INSERT INTO LUGAR (id_lugar,tipo_lugar,nombre_lugar,FK_LUGAR) values (142265,'Ciudad','Caracas',142264);
INSERT INTO LUGAR (id_lugar,tipo_lugar,nombre_lugar,FK_LUGAR) values (145266,'Urbanizacion','Playa Grande',145265);
INSERT INTO LUGAR (id_lugar,tipo_lugar,nombre_lugar,FK_LUGAR) values (145267,'Calle','Av Norte entre calle 3 y 4',145266);
INSERT INTO LUGAR (id_lugar,tipo_lugar,nombre_lugar,FK_LUGAR) values (145268,'CodigoPostal','1162',145267);
INSERT INTO LUGAR (id_lugar,tipo_lugar,nombre_lugar,FK_LUGAR) values (145269,'Apartamento','Edif Agua De Coco Apto 2B',145268);

INSERT INTO LUGAR (id_lugar,tipo_lugar,nombre_lugar,FK_LUGAR) values (145363,'Urbanizacion','Las Colinas',145265);
INSERT INTO LUGAR (id_lugar,tipo_lugar,nombre_lugar,FK_LUGAR) values (145364,'Calle','Calle 1',145363);
INSERT INTO LUGAR (id_lugar,tipo_lugar,nombre_lugar,FK_LUGAR) values (145365,'CodigoPostal','1162',145364);
INSERT INTO LUGAR (id_lugar,tipo_lugar,nombre_lugar,FK_LUGAR) values (145366,'Apartamento','Edif Mirador Piso 2',145365);

INSERT INTO LUGAR (id_lugar,tipo_lugar,nombre_lugar,FK_LUGAR) values (145463,'Urbanizacion','La Llanada',145265);
INSERT INTO LUGAR (id_lugar,tipo_lugar,nombre_lugar,FK_LUGAR) values (145464,'Calle','Calle 2',145463);
INSERT INTO LUGAR (id_lugar,tipo_lugar,nombre_lugar,FK_LUGAR) values (145465,'CodigoPostal','1164',145464);
INSERT INTO LUGAR (id_lugar,tipo_lugar,nombre_lugar,FK_LUGAR) values (145466,'Apartamento','Edif Mirador 3 y 4 ph',145465);

INSERT INTO LUGAR (id_lugar,tipo_lugar,nombre_lugar,FK_LUGAR) values (145563,'Urbanizacion','Los Corales',145265);
INSERT INTO LUGAR (id_lugar,tipo_lugar,nombre_lugar,FK_LUGAR) values (145564,'Calle','La Juanita',145563);
INSERT INTO LUGAR (id_lugar,tipo_lugar,nombre_lugar,FK_LUGAR) values (145565,'CodigoPostal','1178',145564);
INSERT INTO LUGAR (id_lugar,tipo_lugar,nombre_lugar,FK_LUGAR) values (145566,'Apartamento','Quinta Sofia',145565);


INSERT INTO LUGAR (id_lugar,tipo_lugar,nombre_lugar,FK_LUGAR) values (142266,'Urbanizacion','Colinas De Bello monte',142265);
INSERT INTO LUGAR (id_lugar,tipo_lugar,nombre_lugar,FK_LUGAR) values (142267,'Calle','Voltaire',142266);
INSERT INTO LUGAR (id_lugar,tipo_lugar,nombre_lugar,FK_LUGAR) values (142268,'CodigoPostal','1041',142267);
INSERT INTO LUGAR (id_lugar,tipo_lugar,nombre_lugar,FK_LUGAR) values (142269,'Apartamento','Ibargain Piso4 Apto 4b',142267);


INSERT INTO LUGAR (id_lugar,tipo_lugar,nombre_lugar,FK_LUGAR) values (145663,'Calle','Calle 7',145266);
INSERT INTO LUGAR (id_lugar,tipo_lugar,nombre_lugar,FK_LUGAR) values (145664,'CodigoPostal','1162',145663);
INSERT INTO LUGAR (id_lugar,tipo_lugar,nombre_lugar,FK_LUGAR) values (145665,'Apartamento','Town House Acapio',145664);


INSERT INTO LUGAR (id_lugar,tipo_lugar,nombre_lugar,FK_LUGAR) values (145763,'Calle','Av principal calle 1',145266);
INSERT INTO LUGAR (id_lugar,tipo_lugar,nombre_lugar,FK_LUGAR) values (145764,'CodigoPostal','1162',145763);
INSERT INTO LUGAR (id_lugar,tipo_lugar,nombre_lugar,FK_LUGAR) values (145765,'Apartamento','Residencias Los Delfines apto 5d',145764);

INSERT INTO LUGAR (id_lugar,tipo_lugar,nombre_lugar,FK_LUGAR) values (145863,'Calle','Av principal entre calle 1 y calle2 ',145266);
INSERT INTO LUGAR (id_lugar,tipo_lugar,nombre_lugar,FK_LUGAR) values (145864,'CodigoPostal','1162',145863);
INSERT INTO LUGAR (id_lugar,tipo_lugar,nombre_lugar,FK_LUGAR) values (145865,'Apartamento','Residencias Montemar Piso 4',145864);

INSERT INTO LUGAR (id_lugar,tipo_lugar,nombre_lugar,FK_LUGAR) values (145276,'Urbanizacion','San Jacinto',145275);
INSERT INTO LUGAR (id_lugar,tipo_lugar,nombre_lugar,FK_LUGAR) values (145277,'Calle','Av 19 de abril',145276);
INSERT INTO LUGAR (id_lugar,tipo_lugar,nombre_lugar,FK_LUGAR) values (145278,'CodigoPostal','2102',145277);
INSERT INTO LUGAR (id_lugar,tipo_lugar,nombre_lugar,FK_LUGAR) values (145279,'Apartamento','Torre cosmopolitan. Piso 12. Oficina 124',145278);

INSERT INTO LUGAR (id_lugar,tipo_lugar,nombre_lugar,FK_LUGAR) values (144400,'Urbanizacion','Palo Verde',142265);
INSERT INTO LUGAR (id_lugar,tipo_lugar,nombre_lugar,FK_LUGAR) values (144401,'Calle','Principal Palo Verde',144400);
INSERT INTO LUGAR (id_lugar,tipo_lugar,nombre_lugar,FK_LUGAR) values (144402,'CodigoPostal','1073',144401);
INSERT INTO LUGAR (id_lugar,tipo_lugar,nombre_lugar,FK_LUGAR) values (144403,'Apartamento','centro comercial palo verde plaza, nivel 8, local 8-05',144402);

INSERT INTO LUGAR (id_lugar,tipo_lugar,nombre_lugar,FK_LUGAR) values (144404,'Urbanizacion','Colinas De Bello monte',142265);
INSERT INTO LUGAR (id_lugar,tipo_lugar,nombre_lugar,FK_LUGAR) values (144405,'Calle','Auyantepui',144404);
INSERT INTO LUGAR (id_lugar,tipo_lugar,nombre_lugar,FK_LUGAR) values (144406,'CodigoPostal','1041',144405);
INSERT INTO LUGAR (id_lugar,tipo_lugar,nombre_lugar,FK_LUGAR) values (144407,'Apartamento','Residencias La Delicia planta baja',144406);

INSERT INTO LUGAR (id_lugar,tipo_lugar,nombre_lugar,FK_LUGAR) values (144408,'Urbanizacion','Chacao',142265);
INSERT INTO LUGAR (id_lugar,tipo_lugar,nombre_lugar,FK_LUGAR) values (144409,'Calle','Av. Fco. De Miranda',144408);
INSERT INTO LUGAR (id_lugar,tipo_lugar,nombre_lugar,FK_LUGAR) values (144410,'CodigoPostal','1060',144409);
INSERT INTO LUGAR (id_lugar,tipo_lugar,nombre_lugar,FK_LUGAR) values (144411,'Apartamento','Torre Centro Perú, piso 7, oficina 79',144410);

-----------------------------------------------------------------------------------------------------------------------------------------------------------------

----------------------------------- 5 INSERT DE CARGO ------------------------------------------
INSERT INTO CARGO (id_cargo,nombre_cargo,salario_cargo) values (186713,'Ingeniero',15000);
INSERT INTO CARGO (id_cargo,nombre_cargo,salario_cargo) values (186714,'Jefe',14500);
INSERT INTO CARGO (id_cargo,nombre_cargo,salario_cargo) values (186715,'Manager',17500);
INSERT INTO CARGO (id_cargo,nombre_cargo,salario_cargo) values (186716,'Obrero',11500);
INSERT INTO CARGO (id_cargo,nombre_cargo,salario_cargo) values (186717,'Rector',10500);
-----------------------------------------------------------------------------------------------

------------------------------------------------------------------------------------------------------------------------------- 10 INSERT DE PERSONA ------------------------------------------------------------------------------------------------------------------------------------------------------------------------
INSERT INTO PERSONA(id_persona,primer_nombre_persona,segundo_nombre_persona,primer_apellido_persona,segundo_apellido_persona,fecha_nacimiento_persona,status_persona,tipo_persona,usuario_persona,clave_persona) values (20190391,'Alfieri','Jose','Rodriguez','Caldera','1991-07-24',true,'Cliente','Alf24','123456');
INSERT INTO PERSONA(id_persona,primer_nombre_persona,segundo_nombre_persona,primer_apellido_persona,segundo_apellido_persona,fecha_nacimiento_persona,status_persona,tipo_persona,usuario_persona,clave_persona) values (20561624,'Juan','Pablo','Mendez','Pizzuto','1992-10-26',true,'Cliente','Pitufo','123457');
INSERT INTO PERSONA(id_persona,primer_nombre_persona,segundo_nombre_persona,primer_apellido_persona,segundo_apellido_persona,fecha_nacimiento_persona,status_persona,tipo_persona,usuario_persona,clave_persona) values (20561614,'Anthony','Jesus','Rodriguez','Garcia','1993-10-16',true,'Cliente','Tonini','123458');
INSERT INTO PERSONA(id_persona,primer_nombre_persona,segundo_nombre_persona,primer_apellido_persona,segundo_apellido_persona,fecha_nacimiento_persona,status_persona,tipo_persona,usuario_persona,clave_persona) values (20561629,'Mario','Roberto','Salazar','Viloria','1992-9-21',true,'Cliente','Mariotaqui','123459');
INSERT INTO PERSONA(id_persona,primer_nombre_persona,segundo_nombre_persona,primer_apellido_persona,segundo_apellido_persona,fecha_nacimiento_persona,status_persona,tipo_persona,usuario_persona,clave_persona) values (21561625,'Maria','Luisa','Ramos','Aponte','1994-12-21',true,'Cliente','Maria17','123359');

INSERT INTO PERSONA(id_persona,primer_nombre_persona,segundo_nombre_persona,primer_apellido_persona,segundo_apellido_persona,fecha_nacimiento_persona,status_persona,tipo_persona,usuario_persona,clave_persona) values (20591628,'Mario','Daniel','Negrete','Mata','1991-12-26',true,'Empleado','Mariodnm','143359');
INSERT INTO PERSONA(id_persona,primer_nombre_persona,segundo_nombre_persona,primer_apellido_persona,segundo_apellido_persona,fecha_nacimiento_persona,status_persona,tipo_persona,usuario_persona,clave_persona) values (10591628,'Rommel','Alberto','Caldera','Roquett','1975-12-06',true,'Empleado','Rommel47','123379');
INSERT INTO PERSONA(id_persona,primer_nombre_persona,segundo_nombre_persona,primer_apellido_persona,segundo_apellido_persona,fecha_nacimiento_persona,status_persona,tipo_persona,usuario_persona,clave_persona) values (21591628,'Nelson','Jose','Marin','Gonzales','1995-05-26',true,'Empleado','Nelsonic','443379');
INSERT INTO PERSONA(id_persona,primer_nombre_persona,segundo_nombre_persona,primer_apellido_persona,segundo_apellido_persona,fecha_nacimiento_persona,status_persona,tipo_persona,usuario_persona,clave_persona) values (19541621,'Jesus','Ramon','Marcano','Merida','1989-03-06',false,'Empleado','Chuito','447371');
INSERT INTO PERSONA(id_persona,primer_nombre_persona,segundo_nombre_persona,primer_apellido_persona,segundo_apellido_persona,fecha_nacimiento_persona,status_persona,tipo_persona,usuario_persona,clave_persona) values (20341821,'Zwagly','Joselyn','Salazar','Galarraga','1990-05-26',false,'Empleado','Zwagla','497371');
------------------------------------------------------------------------------------------------------------------------------------------------------------------------------------------------------------------------------------------------------------------------------------------------------------------------------

--------------------------------------------------- 5 INSERT DE CLIENTE ---------------------------------------------------------------
INSERT INTO CLIENTE (estado_civil_cliente,fecha_registro_cliente,FK_PERSONA,FK_LUGAR) values ('Soltero','2014-11-30',20190391,145269);
INSERT INTO CLIENTE (estado_civil_cliente,fecha_registro_cliente,FK_PERSONA,FK_LUGAR) values ('Soltero','2014-12-01',20561624,145366);
INSERT INTO CLIENTE (estado_civil_cliente,fecha_registro_cliente,FK_PERSONA,FK_LUGAR) values ('Soltero','2014-12-02',20561614,145466);
INSERT INTO CLIENTE (estado_civil_cliente,fecha_registro_cliente,FK_PERSONA,FK_LUGAR) values ('Soltero','2014-12-04',20561629,142269);
INSERT INTO CLIENTE (estado_civil_cliente,fecha_registro_cliente,FK_PERSONA,FK_LUGAR) values ('Soltero','2014-12-05',21561625,145665);
---------------------------------------------------------------------------------------------------------------------------------------

--------------------------- 5 INSERT DE ROL --------------------------------------
INSERT INTO ROL (id_rol,nombre_rol) values (100000,'Administrador del Sistema');
INSERT INTO ROL (id_rol,nombre_rol) values (100001,'Administrador de Contenidos');
INSERT INTO ROL (id_rol,nombre_rol) values (100003,'Revisor de Contenidos');
----------------------------------------------------------------------------------

----------------------------------------------------------------------------------------------------------------------------------- 5 INSERT DE EMPLEADO -----------------------------------------------------------------------------------------------------------------------
INSERT INTO EMPLEADO (nivel_educativo_empleado,fecha_ingreso_empleado,grupo_sanguineo_empleado,fecha_acceso_empleado,fecha_culminacion_empleado,motivo_empleado,FK_ROL,FK_PERSONA) values ('Licenciado','2014-07-20','A+','2014-12-08',NULL,NULL,100000,20591628); ---null por los momentos
INSERT INTO EMPLEADO (nivel_educativo_empleado,fecha_ingreso_empleado,grupo_sanguineo_empleado,fecha_acceso_empleado,fecha_culminacion_empleado,motivo_empleado,FK_ROL,FK_PERSONA) values ('Bachiller','2004-07-20','O+','2014-12-01',NULL,NULL,100001,10591628);
INSERT INTO EMPLEADO (nivel_educativo_empleado,fecha_ingreso_empleado,grupo_sanguineo_empleado,fecha_acceso_empleado,fecha_culminacion_empleado,motivo_empleado,FK_ROL,FK_PERSONA) values ('Bachiller','2013-04-10','O+','2014-12-07',NULL,NULL,100003,21591628);
INSERT INTO EMPLEADO (nivel_educativo_empleado,fecha_ingreso_empleado,grupo_sanguineo_empleado,fecha_acceso_empleado,fecha_culminacion_empleado,motivo_empleado,FK_ROL,FK_PERSONA) values ('Bachiller','2011-07-20','A+','2014-04-17','2014-06-10','Despido',100001,19541621);
INSERT INTO EMPLEADO (nivel_educativo_empleado,fecha_ingreso_empleado,grupo_sanguineo_empleado,fecha_acceso_empleado,fecha_culminacion_empleado,motivo_empleado,FK_ROL,FK_PERSONA) values ('Bachiller','2010-10-21','O+','2014-08-17','2014-10-10','Renuncia',100003,20341821);
--------------------------------------------------------------------------------------------------------------------------------------------------------------------------------------------------------------------------------------------------------------------------------

-------------------------------- 5 INSERT DE TELEFONO -----------------------------------------------
INSERT INTO TELEFONO(id_telefono,numero_telefono,FK_PERSONA) values (179632,'04241345908',20190391);
INSERT INTO TELEFONO(id_telefono,numero_telefono,FK_PERSONA) values (179633,'04241345911',20561624);
INSERT INTO TELEFONO(id_telefono,numero_telefono,FK_PERSONA) values (179634,'04241345711',20561614);
INSERT INTO TELEFONO(id_telefono,numero_telefono,FK_PERSONA) values (179635,'04241346711',20561629);
INSERT INTO TELEFONO(id_telefono,numero_telefono,FK_PERSONA) values (179636,'04248376711',21561625);
------------------------------------------------------------------------------------------------------

------------------------ 5 INSERT DE EMPLEADO_CARGO ------------------------
INSERT INTO EMPLEADO_CARGO (FK_EMPLEADO,FK_CARGO) values (20591628,186713);
INSERT INTO EMPLEADO_CARGO (FK_EMPLEADO,FK_CARGO) values (10591628,186714);
INSERT INTO EMPLEADO_CARGO (FK_EMPLEADO,FK_CARGO) values (21591628,186715);
INSERT INTO EMPLEADO_CARGO (FK_EMPLEADO,FK_CARGO) values (19541621,186716);
INSERT INTO EMPLEADO_CARGO (FK_EMPLEADO,FK_CARGO) values (20341821,186717);
----------------------------------------------------------------------------

------------------------------------------------------------------------------------------------------ 5 INSERT DE EMPRESA_PERSONA -----------------------------------------------------------------------------------
INSERT INTO EMPRESA_PERSONA (id_empresa_persona,nombre_empresa_persona,sitio_web_empresa_persona,tipo_empresa_persona,FK_LUGAR) values (963511,'La Guaira Hosting','www.laguairahosting.com.ve','Empresa',145865);
INSERT INTO EMPRESA_PERSONA (id_empresa_persona,nombre_empresa_persona,sitio_web_empresa_persona,tipo_empresa_persona,FK_LUGAR) values (963512,'Pronetworks C.A','www.pronetworks.com.ve','Empresa',145279);
INSERT INTO EMPRESA_PERSONA (id_empresa_persona,nombre_empresa_persona,sitio_web_empresa_persona,tipo_empresa_persona,FK_LUGAR) values (963513,'Consultores greb 2013,C.A','ww2.grebcca.com','Empresa',144403);
INSERT INTO EMPRESA_PERSONA (id_empresa_persona,nombre_empresa_persona,sitio_web_empresa_persona,tipo_empresa_persona,FK_LUGAR) values (963514,'Cacao Media - Agencia Digital','ww2.cacaomedia.com','Empresa',144407);
INSERT INTO EMPRESA_PERSONA (id_empresa_persona,nombre_empresa_persona,sitio_web_empresa_persona,tipo_empresa_persona,FK_LUGAR) values (963515,'NaranjaWeb','ww2.naranjaweb.com','Empresa',144411);
----------------------------------------------------------------------------------------------------------------------------------------------------------------------------------------------------------------------

--------------------------------------- 5 INSERT DE CORREO ----------------------------------------------
INSERT INTO  CORREO (id_correo,cuenta_correo,FK_PERSONA) values (423700,'alfieri24@gmail.com',20190391);
INSERT INTO  CORREO (id_correo,cuenta_correo,FK_PERSONA) values (423701,'pitufo@gmail.com',20561624);
INSERT INTO  CORREO (id_correo,cuenta_correo,FK_PERSONA) values (423702,'anthony14@gmail.com',20561614);
INSERT INTO  CORREO (id_correo,cuenta_correo,FK_PERSONA) values (423703,'mariodnm@gmail.com',20561629);
INSERT INTO  CORREO (id_correo,cuenta_correo,FK_PERSONA) values (423704,'mariad15@gmail.com',21561625);
---------------------------------------------------------------------------------------------------------

---------------------------------------------------- 5 INSERT DE DISQUERA -----------------------------------------------------------------------------------------
INSERT INTO DISQUERA_EDITORIAL (id_disquera_editorial,tipo_disquera_editorial,nombre_disquera_editorial) values (111800,'Disquera','Warner Bros.Records');
INSERT INTO DISQUERA_EDITORIAL (id_disquera_editorial,tipo_disquera_editorial,nombre_disquera_editorial) values (111801,'Disquera','Warner Bros.Records');
INSERT INTO DISQUERA_EDITORIAL (id_disquera_editorial,tipo_disquera_editorial,nombre_disquera_editorial) values (111802,'Disquera','Machete Music');
INSERT INTO DISQUERA_EDITORIAL (id_disquera_editorial,tipo_disquera_editorial,nombre_disquera_editorial) values (111803,'Disquera','Universal International');
INSERT INTO DISQUERA_EDITORIAL (id_disquera_editorial,tipo_disquera_editorial,nombre_disquera_editorial) values (111804,'Disquera','Universal Music Latin Entertainment');
---------------------------------------------------------------------------------------------------------------------------------------------------------------------------

---------------------------------------------------- 5 INSERT DE EDITORIAL -----------------------------------------------------------------------------------------------
INSERT INTO DISQUERA_EDITORIAL (id_disquera_editorial,tipo_disquera_editorial,nombre_disquera_editorial) values (111805,'Editorial','Bloomsbury');
INSERT INTO DISQUERA_EDITORIAL (id_disquera_editorial,tipo_disquera_editorial,nombre_disquera_editorial) values (111806,'Editorial','HarperCollins');
INSERT INTO DISQUERA_EDITORIAL (id_disquera_editorial,tipo_disquera_editorial,nombre_disquera_editorial) values (111807,'Editorial','George Allen & Unwin HarperCollins');
INSERT INTO DISQUERA_EDITORIAL (id_disquera_editorial,tipo_disquera_editorial,nombre_disquera_editorial) values (111808,'Editorial','Scholastic');
INSERT INTO DISQUERA_EDITORIAL (id_disquera_editorial,tipo_disquera_editorial,nombre_disquera_editorial) values (111809,'Editorial','Transworld & Bantam Books');
---------------------------------------------------------------------------------------------------------------------------------------------------------------------------

------------------------------------------------- 5 INSERT DEL O DE LOS GENERO(S) DEL LIBRO--------------------------------------------------------------------------
INSERT INTO GENERO_CATEGORIA (id_genero_categoria,tipo_genero_categoria,nombre_genero_categoria) values (242400,'Genero','Novela,Fantasia,Aventura');
INSERT INTO GENERO_CATEGORIA (id_genero_categoria,tipo_genero_categoria,nombre_genero_categoria) values (242401,'Genero','Literatura juvenil, Ficción especulativa');
INSERT INTO GENERO_CATEGORIA (id_genero_categoria,tipo_genero_categoria,nombre_genero_categoria) values (242402,'Genero','Novela,Fantasia Epica');
INSERT INTO GENERO_CATEGORIA (id_genero_categoria,tipo_genero_categoria,nombre_genero_categoria) values (242403,'Genero','Novela,Aventura y Ciencia Ficcion');
INSERT INTO GENERO_CATEGORIA (id_genero_categoria,tipo_genero_categoria,nombre_genero_categoria) values (242404,'Genero','Novela policíaca/ficción');
----------------------------------------------------------------------------------------------------------------------------------------------------------------------

----------------------------------------------- 5 INSERT DEL O DE LOS GENERO(S) DE LA MUSICA ---------------------------------------------------------------------------------------
INSERT INTO GENERO_CATEGORIA (id_genero_categoria,tipo_genero_categoria,nombre_genero_categoria) values (602700,'Genero','Rock alternativo,Funk rock');
INSERT INTO GENERO_CATEGORIA (id_genero_categoria,tipo_genero_categoria,nombre_genero_categoria) values (602701,'Genero','Rock, rap rock, nu metal, rap metal, metal alternativo');
INSERT INTO GENERO_CATEGORIA (id_genero_categoria,tipo_genero_categoria,nombre_genero_categoria) values (602702,'Genero','Merengue, Reggaeton, Bachata');
INSERT INTO GENERO_CATEGORIA (id_genero_categoria,tipo_genero_categoria,nombre_genero_categoria) values (602703,'Genero','Hip-Hop');
INSERT INTO GENERO_CATEGORIA (id_genero_categoria,tipo_genero_categoria,nombre_genero_categoria) values (602704,'Genero','Merengue,Bachata');
------------------------------------------------------------------------------------------------------------------------------------------------------------------------------------

--------------------------------------- 5 INSERT DE LA O DE LAS CATEGORIA(S) DE LA PELICULA ----------------------------------------------------
INSERT INTO GENERO_CATEGORIA (id_genero_categoria,tipo_genero_categoria,nombre_genero_categoria) values (990700,'Categoria','Ciencia Ficcion');
INSERT INTO GENERO_CATEGORIA (id_genero_categoria,tipo_genero_categoria,nombre_genero_categoria) values (990701,'Categoria','Ciencia Ficcion');
INSERT INTO GENERO_CATEGORIA (id_genero_categoria,tipo_genero_categoria,nombre_genero_categoria) values (990702,'Categoria','Accion');
INSERT INTO GENERO_CATEGORIA (id_genero_categoria,tipo_genero_categoria,nombre_genero_categoria) values (990703,'Categoria','Aventura');
INSERT INTO GENERO_CATEGORIA (id_genero_categoria,tipo_genero_categoria,nombre_genero_categoria) values (990704,'Categoria','Epica');
------------------------------------------------------------------------------------------------------------------------------------------------


--------------------------------------------------------------------------------- 5 INSERT DE ACTOR_DIRECTOR_CANTANTE : CANTANTES -------------------------------------------------------------------------------
INSERT INTO ACTOR_DIRECTOR_CANTANTE (id_actor_director_cantante,tipo_actor_director_cantante,nombre_actor_director_cantante,apellido_actor_director_cantante) values (715900,'Cantante','Anthony','Kiedis');
INSERT INTO ACTOR_DIRECTOR_CANTANTE (id_actor_director_cantante,tipo_actor_director_cantante,nombre_actor_director_cantante,apellido_actor_director_cantante) values (715901,'Cantante','Chester','Bennington');
INSERT INTO ACTOR_DIRECTOR_CANTANTE (id_actor_director_cantante,tipo_actor_director_cantante,nombre_actor_director_cantante,apellido_actor_director_cantante) values (715902,'Cantante','Jesus','Miranda');
INSERT INTO ACTOR_DIRECTOR_CANTANTE (id_actor_director_cantante,tipo_actor_director_cantante,nombre_actor_director_cantante,apellido_actor_director_cantante) values (715903,'Cantante','Curtis','Jackson');
INSERT INTO ACTOR_DIRECTOR_CANTANTE (id_actor_director_cantante,tipo_actor_director_cantante,nombre_actor_director_cantante,apellido_actor_director_cantante) values (715904,'Cantante','Juan','Guerra');
-----------------------------------------------------------------------------------------------------------------------------------------------------------------------------------------------------------------

--------------------------------------------------------------------------------- 5 INSERT DE ACTOR_DIRECTOR_CANTANTE : ACTORES Y DIRECTORES -------------------------------------------------------------
INSERT INTO ACTOR_DIRECTOR_CANTANTE (id_actor_director_cantante,tipo_actor_director_cantante,nombre_actor_director_cantante,apellido_actor_director_cantante) values (915900,'Actor','Robert','Downey');
INSERT INTO ACTOR_DIRECTOR_CANTANTE (id_actor_director_cantante,tipo_actor_director_cantante,nombre_actor_director_cantante,apellido_actor_director_cantante) values (915901,'Actor','Hugh','Jackman');
INSERT INTO ACTOR_DIRECTOR_CANTANTE (id_actor_director_cantante,tipo_actor_director_cantante,nombre_actor_director_cantante,apellido_actor_director_cantante) values (915902,'Actor','Vin','Diesel');
INSERT INTO ACTOR_DIRECTOR_CANTANTE (id_actor_director_cantante,tipo_actor_director_cantante,nombre_actor_director_cantante,apellido_actor_director_cantante) values (915903,'Director','Marc','Webb');
INSERT INTO ACTOR_DIRECTOR_CANTANTE (id_actor_director_cantante,tipo_actor_director_cantante,nombre_actor_director_cantante,apellido_actor_director_cantante) values (915904,'Director','Brett','Ratner');
-----------------------------------------------------------------------------------------------------------------------------------------------------------------------------------------------------------

----------------------------------------------------------------------------------------- 5 INSERT DE CONTENIDO : APLICACIONES ------------------------------------------------------------------------------------------------------------------------------------
INSERT INTO CONTENIDO (id_contenido,nombre_contenido,costo_contenido,veces_valorada_contenido,veces_descargada_contenido,fecha_contenido,tipo_contenido,FK_PROMOCION) values (303300,'Instagram',1300,8500,14000,'2012-07-14','Aplicacion',NULL);
INSERT INTO CONTENIDO (id_contenido,nombre_contenido,costo_contenido,veces_valorada_contenido,veces_descargada_contenido,fecha_contenido,tipo_contenido,FK_PROMOCION) values (303301,'whatsapp messenger',1000,850000,14000000,'2012-07-14','Aplicacion',NULL);
INSERT INTO CONTENIDO (id_contenido,nombre_contenido,costo_contenido,veces_valorada_contenido,veces_descargada_contenido,fecha_contenido,tipo_contenido,FK_PROMOCION) values (303302,'Duolingo',1200,740000,14000,'2014-11-17','Aplicacion',NULL);
INSERT INTO CONTENIDO (id_contenido,nombre_contenido,costo_contenido,veces_valorada_contenido,veces_descargada_contenido,fecha_contenido,tipo_contenido,FK_PROMOCION) values (303303,'Waze GPS social y trafico',1200,740000,14000,'2014-10-28','Aplicacion',NULL);
INSERT INTO CONTENIDO (id_contenido,nombre_contenido,costo_contenido,veces_valorada_contenido,veces_descargada_contenido,fecha_contenido,tipo_contenido,FK_PROMOCION) values (303304,'Twitter',100,740000,14000,'2014-11-24','Aplicacion',NULL);
--------------------------------------------------------------------------------------------------------------------------------------------------------------------------------------------------------------------------------------------------------------------

----------------------------------------------------------------------------------------- 5 INSERT DE CONTENIDO : PELICULAS --------------------------------------------------------------------------------------------------------------------------------------------------
INSERT INTO CONTENIDO (id_contenido,nombre_contenido,costo_contenido,veces_valorada_contenido,veces_descargada_contenido,fecha_contenido,tipo_contenido,FK_PROMOCION) values (404400,'Los Vengadores de Marvel',2000,8500,14000,'2012-04-11','Pelicula',NULL);
INSERT INTO CONTENIDO (id_contenido,nombre_contenido,costo_contenido,veces_valorada_contenido,veces_descargada_contenido,fecha_contenido,tipo_contenido,FK_PROMOCION) values (404401,'X-Men: días del futuro pasado',2000,8500,14000,'2014-05-10','Pelicula',NULL);
INSERT INTO CONTENIDO (id_contenido,nombre_contenido,costo_contenido,veces_valorada_contenido,veces_descargada_contenido,fecha_contenido,tipo_contenido,FK_PROMOCION) values (404402,'Fast & Furious 6',2000,8500,14000,'2013-05-24','Pelicula',NULL);
INSERT INTO CONTENIDO (id_contenido,nombre_contenido,costo_contenido,veces_valorada_contenido,veces_descargada_contenido,fecha_contenido,tipo_contenido,FK_PROMOCION) values (404403,'The Amazing Spider-Man 2: Rise of Electro',2000,8500,14000,'2014-05-2','Pelicula',NULL);
INSERT INTO CONTENIDO (id_contenido,nombre_contenido,costo_contenido,veces_valorada_contenido,veces_descargada_contenido,fecha_contenido,tipo_contenido,FK_PROMOCION) values (404404,'Hercules: The Thracian Wars',2000,8500,14000,'2014-07-25','Pelicula',NULL);
------------------------------------------------------------------------------------------------------------------------------------------------------------------------------------------------------------------------------------------------------------------------------

------------------------------------------------------------------------------------------ 5 INSERT DE CONTENIDO : MUSICAS ------------------------------------------------------------------------------------------------------------------------------------------------
INSERT INTO CONTENIDO (id_contenido,nombre_contenido,costo_contenido,veces_valorada_contenido,veces_descargada_contenido,fecha_contenido,tipo_contenido,FK_PROMOCION) values (404405,'Red Hot Chili Peppers Californication',1500,8500,14000,'1999-06-7','Musica',NULL);
INSERT INTO CONTENIDO (id_contenido,nombre_contenido,costo_contenido,veces_valorada_contenido,veces_descargada_contenido,fecha_contenido,tipo_contenido,FK_PROMOCION) values (404406,'Linkin Park Hybrid Theory',1500,8500,14000,'2000-10-24','Musica',NULL);
INSERT INTO CONTENIDO (id_contenido,nombre_contenido,costo_contenido,veces_valorada_contenido,veces_descargada_contenido,fecha_contenido,tipo_contenido,FK_PROMOCION) values (404407,'Chino & Nacho Mi Niña Bonita: Reloaded',1500,8500,14000,'2010-09-10','Musica',NULL);
INSERT INTO CONTENIDO (id_contenido,nombre_contenido,costo_contenido,veces_valorada_contenido,veces_descargada_contenido,fecha_contenido,tipo_contenido,FK_PROMOCION) values (404408,'50 cent the massacre ',1500,8500,14000,'2005-03-3','Musica',NULL);
INSERT INTO CONTENIDO (id_contenido,nombre_contenido,costo_contenido,veces_valorada_contenido,veces_descargada_contenido,fecha_contenido,tipo_contenido,FK_PROMOCION) values (404409,'Juan Luis Guerra Todo Tiene Su Hora',1500,8500,14000,'2014-11-11','Musica',NULL);
------------------------------------------------------------------------------------------------------------------------------------------------------------------------------------------------------------------------------------------------------------------------

------------------------------------------------------------------------------------------- 5 INSERT DE CONTENIDO : LIBROS --------------------------------------------------------------------------------------------------------------------------------------------------------
INSERT INTO CONTENIDO (id_contenido,nombre_contenido,costo_contenido,veces_valorada_contenido,veces_descargada_contenido,fecha_contenido,tipo_contenido,FK_PROMOCION) values (404410,'Harry Potter y la piedra filosofal',500,8500,14000,'1997-06-30','Libro',NULL);
INSERT INTO CONTENIDO (id_contenido,nombre_contenido,costo_contenido,veces_valorada_contenido,veces_descargada_contenido,fecha_contenido,tipo_contenido,FK_PROMOCION) values (404411,'El Reino del Dragón de Oro',500,8500,14000,'2005-05-10','Libro',NULL);
INSERT INTO CONTENIDO (id_contenido,nombre_contenido,costo_contenido,veces_valorada_contenido,veces_descargada_contenido,fecha_contenido,tipo_contenido,FK_PROMOCION) values (404412,'El Señor de los Anillos La comunidad del Anillo ',500,8500,14000,'1954-07-29','Libro',NULL);
INSERT INTO CONTENIDO (id_contenido,nombre_contenido,costo_contenido,veces_valorada_contenido,veces_descargada_contenido,fecha_contenido,tipo_contenido,FK_PROMOCION) values (404413,'Los Juegos Del Hambre',500,8500,14000,'2008-09-14','Libro',NULL);
INSERT INTO CONTENIDO (id_contenido,nombre_contenido,costo_contenido,veces_valorada_contenido,veces_descargada_contenido,fecha_contenido,tipo_contenido,FK_PROMOCION) values (404414,'El código Da Vinci',500,8500,14000,'2003-04-10','Libro',NULL);
------------------------------------------------------------------------------------------------------------------------------------------------------------------------------------------------------------------------------------------------------------------------------------

------------------------------------------------------------------------------------------- 5 INSERT DE APLICACION -------------------------------------------------------------------------------------------------------------------------------------------------------------------------------------------------------------------------------------------------------- 
INSERT INTO APLICACION (descripcion_aplicacion,tamaño_aplicacion,version_actual_aplicacion,version_minima_SO_aplicacion,tipo_calificacion_aplicacion,FK_EMPRESA_PERSONA,FK_CONTENIDO) values ('Instagram comparte fotos y videos entre amigos.','12.9 MB','6.3.1','Requiere IOS 6.0','Para Adolescentes',963511,303300);
INSERT INTO APLICACION (descripcion_aplicacion,tamaño_aplicacion,version_actual_aplicacion,version_minima_SO_aplicacion,tipo_calificacion_aplicacion,FK_EMPRESA_PERSONA,FK_CONTENIDO) values ('whatsapp messenger es un mensajero disponible para smartphone.','36.6 MB','2.11.14','Requiere IOS 4.3','Para Todos',963512,303301);
INSERT INTO APLICACION (descripcion_aplicacion,tamaño_aplicacion,version_actual_aplicacion,version_minima_SO_aplicacion,tipo_calificacion_aplicacion,FK_EMPRESA_PERSONA,FK_CONTENIDO) values ('Duolingo es una aplicacion para aprender idiomas.','16.9 MB','4.1.3','Requiere IOS 7.0','Para Todos',963513,303302);
INSERT INTO APLICACION (descripcion_aplicacion,tamaño_aplicacion,version_actual_aplicacion,version_minima_SO_aplicacion,tipo_calificacion_aplicacion,FK_EMPRESA_PERSONA,FK_CONTENIDO) values ('Waze es una de las aplicaciones de traficos y navegacion basadas en la comunidad mas grandes del mundo.','47.6 MB','3.9.1','Requiere IOS 6.0','Para Todos',963514,303303);
INSERT INTO APLICACION (descripcion_aplicacion,tamaño_aplicacion,version_actual_aplicacion,version_minima_SO_aplicacion,tipo_calificacion_aplicacion,FK_EMPRESA_PERSONA,FK_CONTENIDO) values ('Twitter se expresa con videos comentarios y fotos.','21.3 MB','6.18','Requiere IOS 7.0','Para Todos',963515,303304);
---------------------------------------------------------------------------------------------------------------------------------------------------------------------------------------------------------------------------------------------------------------------------------------------------------------------------------------------------------------------------

------------------------------------------------------------------------------------------- 5 INSERT DE PELICULA ----------------------------------------------------------------------------------------------------------------------------------------------------------------------------------------------------------------------------------------------------------------------------------------------------------------------------------------
INSERT INTO PELICULA (descripcion_pelicula,duracion_pelicula,FK_CONTENIDO) values ('En Los Vengadores, Nick Fury, director de la organización de mantenimiento de la paz conocida como SHIELD, recluta a Iron Man, Hulk, Thor, y al Capitán América para formar un equipo. El grupo debe detener al hermano de Thor, Loki, para evitar la destrucción del planeta.','2h 23 min',404400);
INSERT INTO PELICULA (descripcion_pelicula,duracion_pelicula,FK_CONTENIDO) values ('En el año 2023, en un futuro distópico, los robots conocidos como Centinelas están exterminando a los mutantes y a los humanos que albergan los genes que conducen a la descendencia mutante.','2h 11 min',404401);
INSERT INTO PELICULA (descripcion_pelicula,duracion_pelicula,FK_CONTENIDO) values ('Desde que Dominic Toretto, Brian O Conner y el equipo lograron en Brasil el robo, de cien millones de dólares del narcotraficante Hernán Reyes, todos se han dispersado por el mundo; sin embargo, en razón de sus crímenes, no pueden regresar a casa y han hecho que sus vidas se sientan incompletas, a pesar de todos los lujos que poseen.','2h 10 min',404402);
INSERT INTO PELICULA (descripcion_pelicula,duracion_pelicula,FK_CONTENIDO) values ('En un flashback, Richard Parker se encuentra en un laboratorio de Oscorp donde utiliza su computadora y asesina con un veneno algunas arañas experimentadas, luego registra un mensaje de video en un intento de explicarse antes de su desaparición.','2h 21 min',404403);
INSERT INTO PELICULA (descripcion_pelicula,duracion_pelicula,FK_CONTENIDO) values ('Hace unos centenares de años, un semidiós atormentado anduvo sobre la tierra: Hércules era el poderoso hijo del dios Zeus.','1h 38 min',404404);
----------------------------------------------------------------------------------------------------------------------------------------------------------------------------------------------------------------------------------------------------------------------------------------------------------------------------------------------------------------------------------------------------------------------------------------------------------

----------------------------------------------- 5 INSERT DE MUSICA --------------------------------------------------------------------
INSERT INTO MUSICA (numero_canciones_musica,tipo_formato_musica,FK_DISQUERA_EDITORIAL,FK_CONTENIDO) values (15,'wav',111800,404405);
INSERT INTO MUSICA (numero_canciones_musica,tipo_formato_musica,FK_DISQUERA_EDITORIAL,FK_CONTENIDO) values (12,'wav',111801,404406);
INSERT INTO MUSICA (numero_canciones_musica,tipo_formato_musica,FK_DISQUERA_EDITORIAL,FK_CONTENIDO) values (18,'wav',111802,404407);
INSERT INTO MUSICA (numero_canciones_musica,tipo_formato_musica,FK_DISQUERA_EDITORIAL,FK_CONTENIDO) values (22,'mp3',111803,404408);
INSERT INTO MUSICA (numero_canciones_musica,tipo_formato_musica,FK_DISQUERA_EDITORIAL,FK_CONTENIDO) values (10,'mp3',111804,404409);
-------------------------------------------------------------------------------------------------------------------------------------

---------------------------------------------------------------------------------------------------------------- 5 INSERT DE LIBRO ----------------------------------------------------------------------------------------------------------------------------------------------------------------------------------------------------------------------------------------------------------------------------------------------------------------------------------------------------------------------------------------------------------------------------------------------------------------------------------------------------------------------------------------------------------------------------------------------------------------------------
INSERT INTO LIBRO (descripcion_libro,numero_paginas_libro,codigo_ISBN_libro,FK_DISQUERA_EDITORIAL,FK_CONTENIDO) values ('La novela presenta a Harry Potter, un niño huérfano criado por sus tíos que descubre en su undécimo cumpleaños que es un mago. En la novela se narran sus primeros pasos en la comunidad mágica, su ingreso en el Colegio Hogwarts y cómo comienza a hacer amigos, que lo ayudan a enfrentarse a lord Voldemort, el brujo tenebroso que había asesinado a sus padres y cuyo espíritu busca un antiguo objeto legendario conocido como la piedra filosofal.',309,'0-7475-3269-9',111805,404410);
INSERT INTO LIBRO (descripcion_libro,numero_paginas_libro,codigo_ISBN_libro,FK_DISQUERA_EDITORIAL,FK_CONTENIDO) values ('Es la segunda parte de la trilogía, Memorias del Águila y del Jaguar, iniciada con La ciudad de las bestias. Esta vez, Nadia Santos y Alexander Cold acompañarán a la periodista y escritora Kate Cold al Reino Prohibido, un pequeño país imaginario situado en el corazón del Himalaya.',437,'9500724235',111806,404411);
INSERT INTO LIBRO (descripcion_libro,numero_paginas_libro,codigo_ISBN_libro,FK_DISQUERA_EDITORIAL,FK_CONTENIDO) values ('Su historia se desarrolla en la Tercera Edad del Sol de la Tierra Media, un lugar ficticio poblado por hombres y otras razas antropomorfas como los hobbits, los elfos o los enanos, así como por muchas otras criaturas reales y fantásticas. La novela narra el viaje del protagonista principal, el hobbit Frodo Bolsón, para destruir el Anillo Único y la consiguiente guerra que provocará el enemigo para recuperarlo, ya que es la principal fuente de poder de su creador, el Señor oscuro Sauron.',568,'978-0-618-00222-1',111807,404412);
INSERT INTO LIBRO (descripcion_libro,numero_paginas_libro,codigo_ISBN_libro,FK_DISQUERA_EDITORIAL,FK_CONTENIDO) values (' Se trata de una novela de aventura y ciencia ficción narrada en primera persona desde la perspectiva de Katniss Everdeen, una adolescente de dieciséis años que vive en Panem, una nación postapocalíptica ubicada en lo que anteriormente era América del Norte. El libro muestra en mayor parte las experiencias vividas por ella en «Los Juegos del Hambre», un evento anual realizado en Panem donde un chico y una chica de cada distrito con edades que vayan desde los doce hasta los dieciocho años deberán luchar a muerte entre ellos mientras son observados por televisión nacional.',374,'9780439023528',111808,404413);
INSERT INTO LIBRO (descripcion_libro,numero_paginas_libro,codigo_ISBN_libro,FK_DISQUERA_EDITORIAL,FK_CONTENIDO) values (' El libro narra los intentos de Robert Langdon, Profesor de Iconografía Religiosa de la Universidad Harvard, para resolver el misterioso asesinato de Jacques Saunière ocurrido en el Museo del Louvre en París. El cuerpo de Saunière fue encontrado en el ala Denon del Louvre en la postura del Hombre de Vitruvio (dibujo realizado por Leonardo da Vinci) con un mensaje críptico escrito a su costado y un pentáculo dibujado en el pecho con su propia sangre. ',454,'84-95618-60-5',111809,404414);
----------------------------------------------------------------------------------------------------------------------------------------------------------------------------------------------------------------------------------------------------------------------------------------------------------------------------------------------------------------------------------------------------------------------------------------------------------------------------------------------------------------------------------------------------------------------------------------------------------------------------------------------------------------------------------------------------------------------------------------------------------------

--------------------- 5 INSERT DE LIBRO_GENERO_CATEGORIA ---------------------------------
INSERT INTO LIBRO_GENERO_CATEGORIA (FK_LIBRO,FK_GENERO_CATEGORIA) values (404410,242400);
INSERT INTO LIBRO_GENERO_CATEGORIA (FK_LIBRO,FK_GENERO_CATEGORIA) values (404411,242401);
INSERT INTO LIBRO_GENERO_CATEGORIA (FK_LIBRO,FK_GENERO_CATEGORIA) values (404412,242402);
INSERT INTO LIBRO_GENERO_CATEGORIA (FK_LIBRO,FK_GENERO_CATEGORIA) values (404413,242403);
INSERT INTO LIBRO_GENERO_CATEGORIA (FK_LIBRO,FK_GENERO_CATEGORIA) values (404414,242404);
------------------------------------------------------------------------------------------

--------------------- 5 INSERT DE MUSICA_GENERO_CATEGORIA -----------------------------------
INSERT INTO MUSICA_GENERO_CATEGORIA (FK_MUSICA,FK_GENERO_CATEGORIA) values (404405,602700);
INSERT INTO MUSICA_GENERO_CATEGORIA (FK_MUSICA,FK_GENERO_CATEGORIA) values (404406,602701);
INSERT INTO MUSICA_GENERO_CATEGORIA (FK_MUSICA,FK_GENERO_CATEGORIA) values (404407,602702);
INSERT INTO MUSICA_GENERO_CATEGORIA (FK_MUSICA,FK_GENERO_CATEGORIA) values (404408,602703);
INSERT INTO MUSICA_GENERO_CATEGORIA (FK_MUSICA,FK_GENERO_CATEGORIA) values (404409,602704);
---------------------------------------------------------------------------------------------

---------------------- 5 INSERT DE PELICULA_GENERO_CATEGORIA -------------------------------------
INSERT INTO PELICULA_GENERO_CATEGORIA (FK_PELICULA,FK_GENERO_CATEGORIA) values (404400,990700);
INSERT INTO PELICULA_GENERO_CATEGORIA (FK_PELICULA,FK_GENERO_CATEGORIA) values (404401,990701);
INSERT INTO PELICULA_GENERO_CATEGORIA (FK_PELICULA,FK_GENERO_CATEGORIA) values (404402,990702);
INSERT INTO PELICULA_GENERO_CATEGORIA (FK_PELICULA,FK_GENERO_CATEGORIA) values (404403,990703);
INSERT INTO PELICULA_GENERO_CATEGORIA (FK_PELICULA,FK_GENERO_CATEGORIA) values (404404,990704);
------------------------------------------------------------------------------------------------

------------------------ 5 INSERT DE MUSICA_ACTOR_DIRECTOR_CANTANTE ----------------------------------------
INSERT INTO MUSICA_ACTOR_DIRECTOR_CANTANTE (FK_MUSICA,FK_ACTOR_DIRECTOR_CANTANTE) values (404405,715900);
INSERT INTO MUSICA_ACTOR_DIRECTOR_CANTANTE (FK_MUSICA,FK_ACTOR_DIRECTOR_CANTANTE) values (404406,715901);
INSERT INTO MUSICA_ACTOR_DIRECTOR_CANTANTE (FK_MUSICA,FK_ACTOR_DIRECTOR_CANTANTE) values (404407,715902);
INSERT INTO MUSICA_ACTOR_DIRECTOR_CANTANTE (FK_MUSICA,FK_ACTOR_DIRECTOR_CANTANTE) values (404408,715903);
INSERT INTO MUSICA_ACTOR_DIRECTOR_CANTANTE (FK_MUSICA,FK_ACTOR_DIRECTOR_CANTANTE) values (404409,715904);
---------------------------------------------------------------------------------------------------------

------------------------ 5 INSERT DE PELICULA_ACTOR_DIRECTOR_CANTANTE ------------------------------------------
INSERT INTO PELICULA_ACTOR_DIRECTOR_CANTANTE (FK_PELICULA,FK_ACTOR_DIRECTOR_CANTANTE) values (404400,915900);
INSERT INTO PELICULA_ACTOR_DIRECTOR_CANTANTE (FK_PELICULA,FK_ACTOR_DIRECTOR_CANTANTE) values (404401,915901);
INSERT INTO PELICULA_ACTOR_DIRECTOR_CANTANTE (FK_PELICULA,FK_ACTOR_DIRECTOR_CANTANTE) values (404402,915902);
INSERT INTO PELICULA_ACTOR_DIRECTOR_CANTANTE (FK_PELICULA,FK_ACTOR_DIRECTOR_CANTANTE) values (404403,915903);
INSERT INTO PELICULA_ACTOR_DIRECTOR_CANTANTE (FK_PELICULA,FK_ACTOR_DIRECTOR_CANTANTE) values (404404,915904);
-------------------------------------------------------------------------------------------------------------

-------------------------------------------------------------------------------------- 5 INSERT DE AUTOR ----------------------------------------------------------------------------------------------------------------------------------------------------------------------------------------------------------
INSERT INTO AUTOR (id_autor,nombre_autor,reseña_autor) values (787400,'J. K. Rowling','es una escritora y productora de cine británica, principalmente conocida por ser la creadora de la serie de libros Harry Potter, cuya idea fue concebida durante un viaje en tren de Mánchester hasta Londres en 1990');
INSERT INTO AUTOR (id_autor,nombre_autor,reseña_autor) values (787401,'Isabel Allende',' es una escritora chilena, miembro de la Academia Estadounidense de las Artes y las Letras desde 2004');
INSERT INTO AUTOR (id_autor,nombre_autor,reseña_autor) values (787402,'J. R. R. Tolkien','fue un escritor, poeta, filólogo y profesor universitario británico, conocido principalmente por ser el autor de las novelas clásicas de la alta fantasía El hobbit y El Señor de los Anillos.');
INSERT INTO AUTOR (id_autor,nombre_autor,reseña_autor) values (787403,'Suzanne Collins','es una escritora y guionista estadounidense. Creadora de la famosa trilogía Los juegos del hambre.');
INSERT INTO AUTOR (id_autor,nombre_autor,reseña_autor) values (787404,'Dan Brown','es un escritor estadounidense conocido por la novela El código Da Vinci (2003) y otros títulos.');
-----------------------------------------------------------------------------------------------------------------------------------------------------------------------------------------------------------------------------------------------------------------------------------------------------------------

---------------- 5 INSERT DE AUTOR_LIBRO ---------------------------
INSERT INTO AUTOR_LIBRO (FK_AUTOR,FK_LIBRO) values (787400,404410);
INSERT INTO AUTOR_LIBRO (FK_AUTOR,FK_LIBRO) values (787401,404411);
INSERT INTO AUTOR_LIBRO (FK_AUTOR,FK_LIBRO) values (787402,404412);
INSERT INTO AUTOR_LIBRO (FK_AUTOR,FK_LIBRO) values (787403,404413);
INSERT INTO AUTOR_LIBRO (FK_AUTOR,FK_LIBRO) values (787404,404414);
--------------------------------------------------------------------

----------------- 5 INSERT DE IDIOMA -------------------------------------
INSERT INTO IDIOMA (id_idioma,lenguaje_idioma) values (596000,'Ingles');
INSERT INTO IDIOMA (id_idioma,lenguaje_idioma) values (596001,'Espanol');
INSERT INTO IDIOMA (id_idioma,lenguaje_idioma) values (596002,'Portugues');
INSERT INTO IDIOMA (id_idioma,lenguaje_idioma) values (596003,'Frances');
INSERT INTO IDIOMA (id_idioma,lenguaje_idioma) values (596004,'Italiano');
---------------------------------------------------------------------------

------------------------------------ 5 INSERT DE PELICULA_IDIOMA -------------------------------------------
INSERT INTO PELICULA_IDIOMA (tipo_pelicula_idioma,FK_PELICULA,FK_IDIOMA) values ('Audio',404400,596000);
INSERT INTO PELICULA_IDIOMA (tipo_pelicula_idioma,FK_PELICULA,FK_IDIOMA) values ('Audio',404401,596001);
INSERT INTO PELICULA_IDIOMA (tipo_pelicula_idioma,FK_PELICULA,FK_IDIOMA) values ('Audio',404402,596002);
INSERT INTO PELICULA_IDIOMA (tipo_pelicula_idioma,FK_PELICULA,FK_IDIOMA) values ('Subtitulo',404403,596003);
INSERT INTO PELICULA_IDIOMA (tipo_pelicula_idioma,FK_PELICULA,FK_IDIOMA) values ('Subtitulo',404404,596004);
-------------------------------------------------------------------------------------------------------------

------------------------------------------------------------- 5 INSERT VIDEO_IMAGEN -----------------------------------------------------------------------------------------------------------------------------------
INSERT INTO VIDEO_IMAGEN (id_video_imagen,tipo_video_imagen,ruta_video_imagen,FK_CONTENIDO) values (888000,'Video','https://www.youtube.com/watch?v=HQIiYqOVTWo',404400);
INSERT INTO VIDEO_IMAGEN (id_video_imagen,tipo_video_imagen,ruta_video_imagen,FK_CONTENIDO) values (888001,'Video','https://www.youtube.com/watch?v=czVYTXf11Ws',303300);
INSERT INTO VIDEO_IMAGEN (id_video_imagen,tipo_video_imagen,ruta_video_imagen,FK_CONTENIDO) values (888002,'Imagen','http://colorlib.com/wp/wp-content/uploads/sites/2/2014/02/instagram-logo.jpg',303300);
INSERT INTO VIDEO_IMAGEN (id_video_imagen,tipo_video_imagen,ruta_video_imagen,FK_CONTENIDO) values (888003,'Imagen','http://1.bp.blogspot.com/-HePnwosrIus/UuRDDFWzatI/AAAAAAAAC90/uARUiMkEiMY/s1600/cali.jpg',404405);
INSERT INTO VIDEO_IMAGEN (id_video_imagen,tipo_video_imagen,ruta_video_imagen,FK_CONTENIDO) values (888004,'Imagen','http://harrypotter-es.net/image/Libro1.jpg',404410);
-----------------------------------------------------------------------------------------------------------------------------------------------------------------------------------------------------------------------

------------------ 5 INSERT DE COMPAÑIA --------------------------------------------
INSERT INTO COMPAÑIA (id_compañia,nombre_compañia) values (649400,'Google'); 
INSERT INTO COMPAÑIA (id_compañia,nombre_compañia) values (649401,'Apple Inc');
INSERT INTO COMPAÑIA (id_compañia,nombre_compañia) values (649402,'Microsoft');
INSERT INTO COMPAÑIA (id_compañia,nombre_compañia) values (649403,'Linus Torvalds');
INSERT INTO COMPAÑIA (id_compañia,nombre_compañia) values (649404,'Nokia');
-------------------------------------------------------------------------------------

------------------------------------------------------- 5 INSERT DE SISTEMA ------------------------------------------------------------------------------------------------
INSERT INTO SISTEMA (id_sistema,nombre_sistema,fecha_lanzamiento_sistema,tipo_SO_sistema,FK_COMPAÑIA) values (553100,'Android','2008-09-23','Codigo Abierto',649400);
INSERT INTO SISTEMA (id_sistema,nombre_sistema,fecha_lanzamiento_sistema,tipo_SO_sistema,FK_COMPAÑIA) values (553101,'iOS','2007-06-26','Propietario',649401);
INSERT INTO SISTEMA (id_sistema,nombre_sistema,fecha_lanzamiento_sistema,tipo_SO_sistema,FK_COMPAÑIA) values (553102,'Microsoft Windows','1985-11-20','Propietario',649402);
INSERT INTO SISTEMA (id_sistema,nombre_sistema,fecha_lanzamiento_sistema,tipo_SO_sistema,FK_COMPAÑIA) values (553103,'GNU/Linux','1991-05-10','Codigo Abierto',649403);
INSERT INTO SISTEMA (id_sistema,nombre_sistema,fecha_lanzamiento_sistema,tipo_SO_sistema,FK_COMPAÑIA) values (553104,'Symbian','2001-04-15','Propietario',649404);
-----------------------------------------------------------------------------------------------------------------------------------------------------------------------------

--------------------- 5 INSERT DE SISTEMA_CONTENIDO --------------------------
INSERT INTO SISTEMA_CONTENIDO(FK_SISTEMA,FK_CONTENIDO) values (553100,303300);
INSERT INTO SISTEMA_CONTENIDO(FK_SISTEMA,FK_CONTENIDO) values (553101,303301);
INSERT INTO SISTEMA_CONTENIDO(FK_SISTEMA,FK_CONTENIDO) values (553102,303302);
INSERT INTO SISTEMA_CONTENIDO(FK_SISTEMA,FK_CONTENIDO) values (553103,303303);
INSERT INTO SISTEMA_CONTENIDO(FK_SISTEMA,FK_CONTENIDO) values (553104,303304);
------------------------------------------------------------------------------

--------------------------------------------------- 5 INSERT DE VERSION ----------------------------------------------------------------------
INSERT INTO VERSION (id_version,nombre_version,fecha_distribucion_version,FK_SISTEMA) values (414200,'5.0.1; Lollipop','2014-11-20',553100);
INSERT INTO VERSION (id_version,nombre_version,fecha_distribucion_version,FK_SISTEMA) values (414201,'8.1.1','2014-06-26',553101);
INSERT INTO VERSION (id_version,nombre_version,fecha_distribucion_version,FK_SISTEMA) values (414202,'Windows 8.1','2013-10-18',553102);
INSERT INTO VERSION (id_version,nombre_version,fecha_distribucion_version,FK_SISTEMA) values (414203,'Kernel: 3.13.6','2014-03-7',553103);
INSERT INTO VERSION (id_version,nombre_version,fecha_distribucion_version,FK_SISTEMA) values (414204,'Symbian Belle FP2 ','2012-10-11',553104);
-----------------------------------------------------------------------------------------------------------------------------------------------

------------------------------------------------------------------------------------------------------- 5 INSERT DE CARACTERISTICA DE SISTEMA ---------------------------------------------------------------------------------------------------------------------------------------------------------------------------------------------------------------------------------------------------------------------------------------------------------------------------------------------------------------------------------------------------------------------------------------------------------------------------------------------------------------------------------------------------------------------------------------------------------------------------------------------------------------------------------------------------------------------------------------------------------------------------------------------------------------------------------------------------------------------------------------------------------------------------------------------------------------------------------------------------------------------------------------------------------------------------------------------------------------------------------------------------------------------------------------------------------------------------------------------------------------------------------------------------------------------------------------------------------------------------------------------
INSERT INTO CARACTERISTICA (id_caracteristica,descripcion_caracteristica) values (365400,'Framework de aplicaciones: permite el reemplazo y la reutilización de los componentes.Navegador integrado: basado en el motor open Source Webkit.SQlite: base de datos para almacenamiento estructurado que se integra directamente con las aplicaciones.Multimedia: Soporte para medios con formatos comunes de audio, video e imágenes planas (MPEG4, H.264, MP3, AAC, AMR, JPG, PNG, GIF). Máquina virtual Dalvik: Base de llamadas de instancias muy similar a Java.Telefonía GSM: dependiente del terminal.Bluetooth, EDGE, g y Wifi: dependiente del terminal. Cámara, GPS, brújula y acelerómetro: Dependiente del terminalPantalla Táctil.');
INSERT INTO CARACTERISTICA (id_caracteristica,descripcion_caracteristica) values (365401,'Este sistema operativo es compañero cercano de Mac OS X, que está basado en Darwin BSD. iOS tiene 4 capas de abstracción: una con el núcleo del sistema operativo, la capa de “Servicios Principales”, la de “Medios de comunicación” y finalmente la llamada “Cocoa Touch”. Existe una plataforma, a la que se llama SDK (publicada el 6 de marzo del 2008) que permite el desarrollo de aplicaciones para iOS.');
INSERT INTO CARACTERISTICA (id_caracteristica,descripcion_caracteristica) values (365402,'Interfaz de usuario gráfica (mayor información y más asequible).Multitarea (permite ejecutar varias aplicaciones al mismo tiempo).Posibilidad de integrar recursos multimedia (textos, imagen y sonido).Herramienta para el trabajo en red, transmisión de información y comunicación entre usuarios.Incorporación de importantes programas (accesorios o utilitarios) para diversos usos: Un Bloc de notas, un procesador de textos (Wordpad), etc.');
INSERT INTO CARACTERISTICA (id_caracteristica,descripcion_caracteristica) values (365403,'Libre, cualquiera lo puede usar, modificar y distribuir. Gratis, tantas licencias como se desee.Desarrollado por miles de voluntarios en el mundo. Cualquiera puede participar y pertenecer a la comunidad.Código fuente abierto a todos.Alta estabilidad, por lo que es difícil que se quede colgado.Extremadamente seguro ya que tiene varios sistemas de protección.Facilidad de uso en muchas tareas.Lee y escribe en sistemas de archivos de Windows y Macintosh.Se comunica con cualquier otro sistema en red.Las distribuciones se basan en escritorios de ventana como KDE o Gnome.Necesita bajos requerimientos de Hardware.Ocupa poca memoria debido a la sencillez de UNIX.Posee mejores controladores gráficos.Los dispositivos funcionan más rápido.');
INSERT INTO CARACTERISTICA (id_caracteristica,descripcion_caracteristica) values (365404,'Symbian posee un núcleo de tiempo real.Es un sistema operativo con un microkernel y capacidad multithreading.Soporta las arquitecturas de los ultimo CPU e incluso soporta hardware single-chip  o de un solo chip.  Cuenta con un sistema de archivos de alta performance que soporta las ultimas memorias NOR, NAND, SD y MMC.Las versiones 9.3, 9.4 y 9.5, soportan paginación bajo demanda, una característica de la que se enorgullece  mucho la compañía. La paginación bajo demanda permite un mejor aprovechamiento de la memoria  RAM de los dispositivos ya que solo se carga en memoria la “pagina” que se va a ejecutar.');
-------------------------------------------------------------------------------------------------------------------------------------------------------------------------------------------------------------------------------------------------------------------------------------------------------------------------------------------------------------------------------------------------------------------------------------------------------------------------------------------------------------------------------------------------------------------------------------------------------------------------------------------------------------------------------------------------------------------------------------------------------------------------------------------------------------------------------------------------------------------------------------------------------------------------------------------------------------------------------------------------------------------------------------------------------

------------------------------------------------------------------------------------------------------- 5 INSERT DE CARACTERISTICA DE VERSION ---------------------------------------------------------------------------------------------------------------------------------------------------------------------------------------------------------------------------------------------------------------------------------------------------------------------------------------------------------------------------------------------------------------------------------------------------------------------------------------------------------------------------------------------------------------------------------------------------------------------------------------------------------------------------------------------------------------------------------------------------------------------------------------------------------------------------------------------------------------------------------------------------------------------------------------------------------------------------------------------------------------------------------------------------------------------------------------------------------------------------------------------------------------------------------------------------------------------------------------------------------------------------------------------------------------------------------------------------------------------------------------------
INSERT INTO CARACTERISTICA (id_caracteristica,descripcion_caracteristica) values (365405,'Material Design: Un diseño intrépido, colorido, y sensible interfaz de usuario para las experiencias coherentes e intuitivos en todos los dispositivos. Movimiento de respuesta natural, iluminación y sombras realistas y familiares elementos visuales hacen que sea más fácil de navegar su dispositivo. Nuevos colores vivos, tipografía e imágenes de ayuda de borde a borde de enfocar su atención.Notificaciones :Nuevas formas de controlar cuándo y cómo se reciben mensajes - sólo ser interrumpido cuando se quiere ser. Ver y responder a mensajes directamente desde la pantalla de bloqueo. Incluye la capacidad de ocultar contenido sensible para estas notificaciones. Se puede programar el tiempo durante el cual sólo las notificaciones de prioridad aparecen. También, las llamadas entrantes no interrumpen lo que estés haciendo. Se puede optar por responder a la llamada o simplemente seguir haciendo lo que se esté haciendo. Clasificación más inteligente de notificaciones. Ver todas las notificaciones en un solo lugar tocando la parte superior de la pantalla.Batería:Una característica de ahorro de batería que se extiende el uso de dispositivos de hasta 90 minutos. El tiempo estimado de batería restante aparece cuando el dispositivo está enchufado. El tiempo restante de batería antes de tener que cargar el dispositivo de nuevo ahora se puede encontrar en la configuración de la batería.');
INSERT INTO CARACTERISTICA (id_caracteristica,descripcion_caracteristica) values (365406,'Mejoras de rendimiento en el iPad 2 y el iPhone 4s.Correcciones de bugs.Aumento de compatibilidad con HealthKit.');
INSERT INTO CARACTERISTICA (id_caracteristica,descripcion_caracteristica) values (365407,'Pantalla Inicio: El cambio más visible. Una nueva colorida interfaz encima del escritorio clásico. Esta pantalla es el método primario para abrir apps, sitios web e información de redes sociales con las apps adecuadas. Los iconos pueden ser rectangulares o cuadrados, grandes y pequeños; agrupados y mostrar notificaciones.Esta interfaz tiene el nombre clave de Modern UI o Metro UI. Es posible iniciar en esta pantalla de Inicio, o en el escritorio, activando una de las opciones en las propiedades de la barra de tareas. La interfaz ModernUI se ha descrito como la antítesis de un usuario avanzado por uno de sus diseñadores.32Se puede abrir el escritorio pulsando en su propio icono, y se puede usar el mismo fondo de pantalla del escritorio en la pantalla de inicio.Apps son utilidades específicas de la pantalla de inicio, ocupan toda la pantalla y pueden acoplarse hasta 4 en la misma pantalla. Es posible cerrarlas con una X en la parte superior derecha. También se pueden alternar con Alt+Tab ↹, tanto modernas como escritorio clásico. En caso de pantallas táctiles se toca la esquina superior izquierda de la pantalla. Se necesita una resolución de pantalla de al menos 1024x768 para ejecutarlas.Las apps modernas se cierran por sí mismas luego de unos minutos de inactividad (un truco para forzar el cierre de una app, es mover el puntero del ratón [o los dedos] al borde superior de la pantalla y deslizar hacia abajo).Se añade una nueva Tienda de Aplicaciones, la cual administra la instalación de las susodichas.Menú Inicio: Este elemento fue eliminado y su función la suple la Pantalla Inicio y la barra de Charm, la cual tiene una lista de cinco comandos: Búsqueda, Compartir, Botón alternar Escritorio Clásico e Inicio, Dispositivos y Configuración.33 El sistema de listas que lo caracterizó fue rediseñado para presentar, en primer plano, los programas instalados; y en el segundo, la lista completa de programas y comandos. El 2 de abril de 2014, Microsoft reconoció el error de la eliminación del menú de inicio y anunció que lo volverían a implementar en la siguiente versión de Windows.34Internet Explorer 10: Aparte de incluirse como aplicación táctil, también se dispone como aplicación de escritorio; y ahora soporta HTML5 y CSS3, incluyendo una plataforma como Adobe Flash Player.OneDrive: Ahora hay una App para ver rápidamente tus archivos en OneDrive ｢antes Skydrive｣.35Configuración de PC: Una app metro para cambiar opciones sobre Pantalla Inicio, como colores y notificaciones.Pantalla de bloqueo: Personalizable por el usuario que transmite notificaciones y protege el equipo contra el uso no autorizado. Además de fecha y hora, sólo seis apps como máximo pueden mostrar sus notificaciones aquí. Quitarlo se debe arrastrar hacia arriba con el ratón o el dedo.');
INSERT INTO CARACTERISTICA (id_caracteristica,descripcion_caracteristica) values (365408,'magen de kernel multiplataforma ARM para múltiples SoCs de ARM (incluyendo Exynos)Soporte para la Nvidia Tegra K1 y Kepler GPUDriver para el módem Nokia N900 incluido en el mainline (btw, este Nokia es del 2009, increíble que no tuviera soporte aún… cuando ya hay soporte para los más modernos, inclusive cuando salga el Nexus 6 o haya gente que se vaya a comprar iPhone 6, los más modernos tendrán soporte con brevedad)Soporte inicial para la Intel CherryviewMejor soporte de controladores para la Sixaxis y la DualShock 4Mejoras para el driver de la Sony-HIDDriver RMI para Synaptics touchpadDriver para la Dell FreeFall80 cambios y arreglos en el sistema de archivo de BtrfsNuevos drivers de audio para los dispositivos Cirrus, Realtek y AnalogSoporte para Tegra HD-audio HDMI.');
INSERT INTO CARACTERISTICA (id_caracteristica,descripcion_caracteristica) values (365409,'Nokia Belle, Feature Pack 2, al igual que Nokia Belle, Feature Pack 1 es una actualización que solo está disponible para los últimos terminales Symbian de Nokia (Nokia 808 PureView, Nokia 603, Nokia 700, Nokia 701).Nueva pantalla de desbloqueo inspirada en el Nokia N9 con Meego.Introducción a un nuevo teclado con texto predictivo.Mejoras en el navegador nativo y en su motor de JavaScript.Mejoras en multimedia, tanto en la galería como en la cámara del Nokia 808 PureView.El final: Cabe destacar que esta sería la última versión de Symbian con nuevas características que saldrá al mercado según Nokia. A partir de esta actualización se considera terminado el trabajo de desarrollo en la plataforma y los usuarios solo recibirán actualizaciones de seguridad o que corrigen fallos. El sistema operativo Symbian OS, cesa su desarrollo.El 12 de junio de 2013 Financial Times da a conocer que ese mismo verano Nokia dejará de vender dispositivos Symbian.');
-----------------------------------------------------------------------------------------------------------------------------------------------------------------------------------------------------------------------------------------------------------------------------------------------------------------------------------------------------------------------------------------------------------------------------------------------------------------------------------------------------------------------------------------------------------------------------------------------------------------------------------------------------------------------------------------------------------------------------------------------------------------------------------------------------------------------------------------------------------------------------------------------------------------------------------------------------------------------------------------------------------------------------------------------------------------------------------------------------------------------------------------------------------------------------------------------------------------------------------------------------------------------------------------------------------------------------------------------------------------------------------------------------------------------------------------------------------------------------------------------------------------------------------------------------------------------------------------------------------------------------------------------------------------------------------------------------------------------------------------------------------------------------------------------------------------------------------------------------------------------------------------------------------------------------------------------------------------------------------------------------------------------------------------------------------------------------------------------------------------------------------------------------------------------------------------------------------------------------------------------------------------------------------------------------------------------------------------------------------------------------------------------------------------------------------------------------------------------------------------------------------------------------------------------------------------------------------------------------------------------------------------------------------------------------------------------------------------------------------------------------------------------------------------------------------------------------------------------------------------------------------------------------------------------------------------------------------------------------------------------------

---------------------- 5 INSERT DE SISTEMA_CARACTERISTICA ---------------------------------
INSERT INTO SISTEMA_CARACTERISTICA (FK_SISTEMA,FK_CARACTERISTICA) values (553100,365400);
INSERT INTO SISTEMA_CARACTERISTICA (FK_SISTEMA,FK_CARACTERISTICA) values (553101,365401);
INSERT INTO SISTEMA_CARACTERISTICA (FK_SISTEMA,FK_CARACTERISTICA) values (553102,365402);
INSERT INTO SISTEMA_CARACTERISTICA (FK_SISTEMA,FK_CARACTERISTICA) values (553103,365403);
INSERT INTO SISTEMA_CARACTERISTICA (FK_SISTEMA,FK_CARACTERISTICA) values (553104,365404);
-------------------------------------------------------------------------------------------

------------------------- 5 INSERT DE VERSION_CARACTERISTICA -----------------------------
INSERT INTO VERSION_CARACTERISTICA (FK_VERSION,FK_CARACTERISTICA) values (414200,365405);
INSERT INTO VERSION_CARACTERISTICA (FK_VERSION,FK_CARACTERISTICA) values (414201,365406);
INSERT INTO VERSION_CARACTERISTICA (FK_VERSION,FK_CARACTERISTICA) values (414202,365407);
INSERT INTO VERSION_CARACTERISTICA (FK_VERSION,FK_CARACTERISTICA) values (414203,365408);
INSERT INTO VERSION_CARACTERISTICA (FK_VERSION,FK_CARACTERISTICA) values (414204,365409);
------------------------------------------------------------------------------------------

----------------------------------------------------------------------------------------------------------- 5 INSERT DE PROMOCION ----------------------------------------------------------------------------------------------------------------------------------------------------------------------------------------------------------------------------------------------------------------------------------------------------------
INSERT INTO PROMOCION (id_promocion,nombre_promocion,status_promocion,valor_promocion,descripcion_promocion,fecha_inicio_promocion,fecha_culminacion_promocion) values (985236,'APLICACIONES PARA EL AIRE LIBRE',TRUE,0.65,'Diversas aplicaciones en promoción para aprovechar el verano y las actividades al aire libre tales como Zombies, run!, Endomondo o Runtastic Pro','2014-11-20','2014-12-05');
INSERT INTO PROMOCION (id_promocion,nombre_promocion,status_promocion,valor_promocion,descripcion_promocion,fecha_inicio_promocion,fecha_culminacion_promocion) values (985237,'DESCUENTOS EN APLICACIONES',FALSE,0.30,'Actualmente hay disponibles diversos descuentos en aplicaciones para que no dejes de usarlas en tu celular . llegan hasta al 30 % de dichas compras','2014-10-06','2014-10-25');
INSERT INTO PROMOCION (id_promocion,nombre_promocion,status_promocion,valor_promocion,descripcion_promocion,fecha_inicio_promocion,fecha_culminacion_promocion) values (985238,'DESCUENTOS EN PELICULAS',TRUE,0.75,'Tenemos descuentos en diversas películas aptas para las vacaciones, predominando aquellas infantiles y destinadas al entretenimiento en familia con un 75% no la dejes ir','2014-11-15','2014-12-01');
INSERT INTO PROMOCION (id_promocion,nombre_promocion,status_promocion,valor_promocion,descripcion_promocion,fecha_inicio_promocion,fecha_culminacion_promocion) values (985239,'LIBROS PARA EL INVIERNO',FALSE,0.10,'Tenemos una amplia colección de libros con un 10% dedicados a las lecturas para disfrutar este invierno con estas historias','2014-03-9','2014-03-19');
INSERT INTO PROMOCION (id_promocion,nombre_promocion,status_promocion,valor_promocion,descripcion_promocion,fecha_inicio_promocion,fecha_culminacion_promocion) values (985240,'MUSICA PARA EL VERANO TE LO TENEMOS',FALSE,0.45,'Si queréis ir escuchando material nuevo cuando vayáis en el coche en dirección a la playa, y además deseáis calmar a las fieras que rugen impacientes en el asiento de atrás…','2014-06-10','2014-09-20');
---------------------------------------------------------------------------------------------------------------------------------------------------------------------------------------------------------------------------------------------------------------------------------------------------------------------------------------------------------------------------------------------------------------------------------------------

----------------------------------------------------------------------------------------------------------- 5 INSERT DE CONDICION -------------------------------------------------------------------------------------------------------------------------------------------------------------------------
INSERT INTO CONDICION (id_condicion,descripcion_condicion,FK_PROMOCION) values (100692,'La promocion solo se podra hacer entre esos 15 dias despues de estos tornaran a su valor normal, Solo en aplicaciones especificas y determinadas por el administrador, NO SE ACEPTAN CODIGOS DE PROMOCION',985236);
INSERT INTO CONDICION (id_condicion,descripcion_condicion,FK_PROMOCION) values (100693,'El precio varia dependiendo del valor de la aplicación, Solo se aplican en apliciones que esten en la categoria de redes sociales y juegos, Esta promocion aplica hasta la fecha final a las 00HS',985237);
INSERT INTO CONDICION (id_condicion,descripcion_condicion,FK_PROMOCION) values (100694,'SOLO APLICA A PELICULAS FAMILIARES, Esta promocion es solo es para las peliculas del año 2012',985239);
INSERT INTO CONDICION (id_condicion,descripcion_condicion,FK_PROMOCION) values (100695,'SOLO ES EN LIBROS DE LA SAGA DE HARRY POTTER Y EL SEÑOR DE LOS AÑILLOS, Solo apta para personas mayores a 5 años, No apta para niños menores a 5 años',985239);
INSERT INTO CONDICION (id_condicion,descripcion_condicion,FK_PROMOCION) values (100696,'SOLO ES PARA LOS ALBUMES DEL GENERO REGGAE, Apto solo para mayores de 15 años, Poseen contenido explicito',985240);
------------------------------------------------------------------------------------------------------------------------------------------------------------------------------------------------------------------------------------------------------------------------------------------------------------

----------------------------------------------------------------------------------5 INSERT DE ACCION --------------------------------------------------------------------------------------------------------------------------------------------------------------------------------------
INSERT INTO ACCION (id_accion,nombre_accion) values (200000,'Tiene acceso a visualizar y manipular toda la información del sistema');
INSERT INTO ACCION (id_accion,nombre_accion) values (200001,'Tiene acceso a visualizar el inventario de contenidos');
INSERT INTO ACCION (id_accion,nombre_accion) values (200002,'Puede manipular la informacion de los clientes y realizar correciones como agregar, modificar, consultar y eliminar.');
INSERT INTO ACCION (id_accion,nombre_accion) values (200003,'Tiene acceso a visualizar la informacion de los contenidos que estan en el inventario');
INSERT INTO ACCION (id_accion,nombre_accion) values (200004,'Puede modificar la informacion que se encuentre en el inventario pero no puede agregar ni eliminar');
-------------------------------------------------------------------------------------------------------------------------------------------------------------------------------------------------------------------------------------------------------------------------------------------

------------------- 5 INSERT DE ACCION_ROL -----------------------
INSERT INTO ACCION_ROL (FK_ROL,FK_ACCION) values (100000,200000);
INSERT INTO ACCION_ROL (FK_ROL,FK_ACCION) values (100001,200001);
INSERT INTO ACCION_ROL (FK_ROL,FK_ACCION) values (100003,200003);
------------------------------------------------------------------

---------------------------- 5 INSERT DE BANCO ----------------------------------------------
INSERT INTO BANCO (id_banco,nombre_banco) values (126659,'CITIBANK');
INSERT INTO BANCO (id_banco,nombre_banco) values (126660,'Banco Santander');
INSERT INTO BANCO (id_banco,nombre_banco) values (126661,'Banco Provincial');
INSERT INTO BANCO (id_banco,nombre_banco) values (126662,'Banco Português de Investimento');
INSERT INTO BANCO (id_banco,nombre_banco) values (126663,'BANK OF CHINA	');
---------------------------------------------------------------------------------------------

-------------------------------- 5 INSERT DE TIPO_TARJETA ----------------------------------------
INSERT INTO TIPO_TARJETA (id_tipo_tarjeta,nombre_tipo_tarjeta) values (136000,'VISA');
INSERT INTO TIPO_TARJETA (id_tipo_tarjeta,nombre_tipo_tarjeta) values (136001,'MASTERCARD');
INSERT INTO TIPO_TARJETA (id_tipo_tarjeta,nombre_tipo_tarjeta) values (136002,'JCB');
INSERT INTO TIPO_TARJETA (id_tipo_tarjeta,nombre_tipo_tarjeta) values (136003,'DINERS CLUB');
INSERT INTO TIPO_TARJETA (id_tipo_tarjeta,nombre_tipo_tarjeta) values (136004,'AMERICAN EXPRESS');
---------------------------------------------------------------------------------------------------

---------------------------- 5 INSERT DE TARJETA -------------------------------------------------------------------------------------------------------------------------------------------------------------------------------------------
INSERT INTO TARJETA (id_tarjeta,status_tarjeta,nombre_tarjeta,fecha_vencimiento_tarjeta,digitos_tarjeta,FK_BANCO,FK_CLIENTE,FK_TIPO_TARJETA) values (656236,TRUE,'ALFIERI RODRIGUEZ C','2020-09',4262995959595995,126661,20190391,136000);
INSERT INTO TARJETA (id_tarjeta,status_tarjeta,nombre_tarjeta,fecha_vencimiento_tarjeta,digitos_tarjeta,FK_BANCO,FK_CLIENTE,FK_TIPO_TARJETA) values (656237,FALSE,'JUAN MENDEZ P','2013-05',6295959595993621,126659,20561624,136004);
INSERT INTO TARJETA (id_tarjeta,status_tarjeta,nombre_tarjeta,fecha_vencimiento_tarjeta,digitos_tarjeta,FK_BANCO,FK_CLIENTE,FK_TIPO_TARJETA) values (656238,TRUE,'MARIO SALAZAR V','2019-06',9885512476354698,126660,20561629,136003);
INSERT INTO TARJETA (id_tarjeta,status_tarjeta,nombre_tarjeta,fecha_vencimiento_tarjeta,digitos_tarjeta,FK_BANCO,FK_CLIENTE,FK_TIPO_TARJETA) values (656239,TRUE,'MARIA RAMOS A','2020-10',7889952215325125,126663,21561625,136002);
INSERT INTO TARJETA (id_tarjeta,status_tarjeta,nombre_tarjeta,fecha_vencimiento_tarjeta,digitos_tarjeta,FK_BANCO,FK_CLIENTE,FK_TIPO_TARJETA) values (656240,FALSE,'ANTHONY RODRIGUEZ G','2012-06',589894949132649,126662,20561614,136001);
--------------------------------------------------------------------------------------------------------------------------------------------------------------------------------------------------------------------------------------------

------------------------------------------------- 5 INSERT DE FACTURA --------------------------------------------------------------------------------------------------------------
INSERT INTO FACTURA (id_factura,fecha_emision_factura,subtotal_factura,total_factura,fecha_pago_factura,FK_TARJETA) values (852032,'2014-12-30',11.12,12.00,'2014-12-30',656236);
INSERT INTO FACTURA (id_factura,fecha_emision_factura,subtotal_factura,total_factura,fecha_pago_factura,FK_TARJETA) values (852033,'2015-01-07',0.99,1.5,'2015-01-08',656238);
INSERT INTO FACTURA (id_factura,fecha_emision_factura,subtotal_factura,total_factura,fecha_pago_factura,FK_TARJETA) values (852034,'2014-03-20',0.00,0.00,'2014-03-20',656236);
INSERT INTO FACTURA (id_factura,fecha_emision_factura,subtotal_factura,total_factura,fecha_pago_factura,FK_TARJETA) values (852035,'2015-01-10',0.00,0.00,'2015-01-12',656238);
INSERT INTO FACTURA (id_factura,fecha_emision_factura,subtotal_factura,total_factura,fecha_pago_factura,FK_TARJETA) values (852036,'2015-02-06',1.5,3.0,'2015-02-10',656239);
-------------------------------------------------------------------------------------------------------------------------------------------------------------------------------------

------------------------------------ 5 INSERT DE FACTURA_CONTENIDO --------------------------------
INSERT INTO FACTURA_CONTENIDO (FK_FACTURA,FK_CONTENIDO,FK_PROMOCION) values (852035,303303,985236);
INSERT INTO FACTURA_CONTENIDO (FK_FACTURA,FK_CONTENIDO,FK_PROMOCION) values (852034,404403,985238);
INSERT INTO FACTURA_CONTENIDO (FK_FACTURA,FK_CONTENIDO,FK_PROMOCION) values (852032,404410,985239);
INSERT INTO FACTURA_CONTENIDO (FK_FACTURA,FK_CONTENIDO,FK_PROMOCION) values (852033,404407,985240);
INSERT INTO FACTURA_CONTENIDO (FK_FACTURA,FK_CONTENIDO,FK_PROMOCION) values (852036,404412,985239);
---------------------------------------------------------------------------------------------------

----------------------------------------------------------------- 5 INSERT DE CALIFICACION -------------------------------------------------------------------------------
INSERT INTO CALIFICACION (id_calificacion,hora_calificacion,fecha_calificacion,valor_calificacion,FK_CLIENTE,FK_CONTENIDO) values (290383,'08:00','2014-03-02',5,20190391,303303);
INSERT INTO CALIFICACION (id_calificacion,hora_calificacion,fecha_calificacion,valor_calificacion,FK_CLIENTE,FK_CONTENIDO) values (290384,'06:30','2014-12-02',1,20561624,404403);
INSERT INTO CALIFICACION (id_calificacion,hora_calificacion,fecha_calificacion,valor_calificacion,FK_CLIENTE,FK_CONTENIDO) values (290385,'12:15','2014-01-02',2,20561614,404410);
INSERT INTO CALIFICACION (id_calificacion,hora_calificacion,fecha_calificacion,valor_calificacion,FK_CLIENTE,FK_CONTENIDO) values (290386,'13:30','2014-07-12',3,20561629,404407);
INSERT INTO CALIFICACION (id_calificacion,hora_calificacion,fecha_calificacion,valor_calificacion,FK_CLIENTE,FK_CONTENIDO) values (290387,'01:15','2015-01-10',4,21561625,404412);
------------------------------------------------------------------------------------------------------------------------------------------------------------------------

------------------------------------------------------------------------- 5 INSERT DE COMENTARIO -----------------------------------------------------------------------------------------------------------------------------------------------------------------
INSERT INTO COMENTARIO (id_comentario,hora_comentario,fecha_comentario,contenido_comentario,FK_CLIENTE,FK_CONTENIDO) values (345984,'09:45','2014-05-08','Divertida aplicacion para uso diario',20190391,303300);
INSERT INTO COMENTARIO (id_comentario,hora_comentario,fecha_comentario,contenido_comentario,FK_CLIENTE,FK_CONTENIDO) values (345985,'10:15','2014-03-09','Tremenda pelicula para verla en familia y con amigos',20561614,404400);
INSERT INTO COMENTARIO (id_comentario,hora_comentario,fecha_comentario,contenido_comentario,FK_CLIENTE,FK_CONTENIDO) values (345986,'12:30','2014-12-01','GRAN DUO nada como CHINO Y NACHO',21561625,404407);
INSERT INTO COMENTARIO (id_comentario,hora_comentario,fecha_comentario,contenido_comentario,FK_CLIENTE,FK_CONTENIDO) values (345987,'11:20','2015-01-07','Tremenda aventura y mundo de harry potter',20561629,404410);
INSERT INTO COMENTARIO (id_comentario,hora_comentario,fecha_comentario,contenido_comentario,FK_CLIENTE,FK_CONTENIDO) values (345988,'03:23','2014-11-01','Nada como el mundo de señor de los anillos y ver como se maneja todo ese mundo magico',20561624,404412);
-------------------------------------------------------------------------------------------------------------------------------------------------------------------------------------------------------------------------------------------------------------------

---------------------------------------------------------------------------- 5 INSERT DE HISTORIAL ------------------------------------------------------------------------------------------------------------------------------------------------
INSERT INTO HISTORIAL (id_historial,fecha_inicio_historial,fecha_fin_historial,ip_historial,FK_PERSONA,FK_ACCION,FK_ROL,FK_PROMOCION,FK_CONTENIDO) values (843222,'2014-01-02','2014-01-10','120.45.98.999',20591628,200000,100000,985236,303303);
INSERT INTO HISTORIAL (id_historial,fecha_inicio_historial,fecha_fin_historial,ip_historial,FK_PERSONA,FK_ACCION,FK_ROL,FK_PROMOCION,FK_CONTENIDO) values (843223,'2014-02-01','2014-02-12','120.67.54.12',20190391,200001,100001,985238,404403);
INSERT INTO HISTORIAL (id_historial,fecha_inicio_historial,fecha_fin_historial,ip_historial,FK_PERSONA,FK_ACCION,FK_ROL,FK_PROMOCION,FK_CONTENIDO) values (843224,'2015-03-01','2015-03-08','120.97.34.23',20561614,200002,100001,985239,404410);
INSERT INTO HISTORIAL (id_historial,fecha_inicio_historial,fecha_fin_historial,ip_historial,FK_PERSONA,FK_ACCION,FK_ROL,FK_PROMOCION,FK_CONTENIDO) values (843225,'2014-06-05','2014-06-15','120.677.104.568',21561625,200003,100003,985240,404407);
INSERT INTO HISTORIAL (id_historial,fecha_inicio_historial,fecha_fin_historial,ip_historial,FK_PERSONA,FK_ACCION,FK_ROL,FK_PROMOCION,FK_CONTENIDO) values (843226,'2014-08-01','2014-08-12','120.345.132.135',20561624,200004,100003,985239,404412);
----------------------------------------------------------------------------------------------------------------------------------------------------------------------------------------------------------------------------------------------------